Month,sl_diesel,ind_diesel,pak_diesel,brent_crude
July 2014,1,0.87,1.05,0.67
October 2014,1,0.89,1.03,0.55
January 2015,0.9,0.73,0.82,0.3
April 2015,0.8,0.73,0.8,0.37
July 2015,0.8,0.76,0.83,0.36
October 2015,0.8,0.68,0.78,0.3
January 2016,0.8,0.68,0.77,0.19
April 2016,0.8,0.73,0.69,0.26
July 2016,0.8,0.82,0.69,0.28
September 2016,0.8,0.8,0.69,0.29
