Month,sl_pet,ind_pet,pak_pet,brent_crude
July 2014,1.2,1.11,1.01,0.67
October 2014,1.1,1.02,0.97,0.55
January 2015,1.1,0.89,0.72,0.3
April 2015,0.9,0.9,0.69,0.37
July 2015,0.9,1,0.72,0.36
October 2015,0.9,0.92,0.68,0.3
January 2016,0.9,0.89,0.71,0.19
April 2016,0.9,0.9,0.59,0.26
July 2016,0.9,0.97,0.59,0.28
September 2016,0.9,0.95,0.59,0.29
